{
    "LoseScenePointLight": {
        "Decay": 0.7940000295639038,
        "Translate": [
            0.0,
            7.791999816894531,
            0.0
        ]
    }
}
